id,type,name,device_type,price,stock,created_at,updated_at
1,kafirs,hhhhhhhh,olhi,5,1,2024-11-12 13:02:49,2024-11-12 13:02:49
4,screens,غزاله اسكرينه,"op A3s 6.2"" 720x1520",60,3,2024-10-04 13:09:43,2025-01-13 19:10:11
5,screens,HD+ اسكرينه,"op A3s 6.2"" 720x1520",40,2,2024-10-04 13:14:16,2025-01-04 16:53:08
6,screens,اسكرينه غزاله,"op A5 2020 6.5"" 720x1600",60,12,2024-10-04 14:39:50,2025-01-04 16:52:40
7,screens,اسكرينه غزاله,"op F11 6.53"" 1080x2340",60,4,2024-10-04 14:40:17,2025-01-04 16:52:20
8,screens,اسكرينه HD+,"op F11 6.53"" 1080x2340",40,3,2024-10-04 14:40:56,2025-01-04 16:52:05
9,screens,اسكرينه غزاله,"op F11 pro 6.53"" 1080x2340",60,0,2024-10-04 14:41:27,2025-01-04 16:51:44
10,screens,اسكرينه غزاله,"op F11 pro 6.53"" 1080x2340",60,6,2024-10-04 14:42:38,2025-01-04 16:51:22
11,screens,اسكرينه غزاله,"op A16k / A15 /A16 6.52"" 720x1600",60,10,2024-10-04 14:44:11,2025-01-04 16:50:54
12,screens,اسكرينه غزاله,"op A31 6.5"" 720x1600",60,8,2024-10-04 14:44:45,2025-01-04 16:50:17
13,screens,اسكرينه HD+,"op A53 / A54 /S52 6.51"" 720x1600",40,1,2024-10-04 14:45:58,2025-01-04 16:49:36
14,screens,اسكرينه غزاله,"op a55 6.51"" 720x1600",60,6,2024-10-04 14:46:29,2025-01-13 01:10:50
15,screens,اسكرينه HD+,"op a55 6.51"" 720x1600",40,1,2024-10-04 14:47:13,2025-01-13 18:29:51
16,screens,اسكرينه HD+,"op A73 6.44"" 1080x2400",40,8,2024-10-04 14:48:04,2025-01-04 16:48:08
17,screens,اسكرينه HD+,"op A37 5.0"" 720x1280",40,6,2024-10-04 14:48:48,2025-01-04 16:47:53
18,screens,اسكرينه غزاله,"op A57 6.56"" 720x1612",60,3,2024-10-04 14:49:06,2025-01-04 16:47:27
19,screens,اسكرينه غوريلا,"op A58 6.72"" 1080x2400",40,1,2024-10-04 14:49:35,2025-01-04 16:46:53
21,screens,اسكرينه HD+,"op A71 5.2"" 720x1280",40,4,2024-10-04 15:06:09,2025-01-04 16:45:58
22,screens,اسكرينه غزاله,"op A74 6.43"" 1080x2400",60,0,2024-10-04 15:06:56,2025-01-04 16:45:19
23,screens,اسكرينه غزاله,"op A76 6.56"" 720x1612",60,2,2024-10-04 15:08:08,2025-01-04 16:44:50
24,screens,اسكرينه غزاله,"op A77 6.56"" 720x1612",60,3,2024-10-04 15:08:47,2025-01-04 16:44:17
25,screens,اسكرينه HD+,"op A93 6.43"" 1080x2400",40,3,2024-10-04 15:09:25,2025-01-04 16:43:49
26,screens,اسكرينه HD+,"op A95 6.43"" 1080x2400",40,1,2024-10-04 15:10:31,2025-01-04 16:43:14
29,screens,اسكرينه غوريلا,"op A98 / A96 6.59"" 1080x2412",50,9,2024-10-04 18:08:58,2025-01-04 16:42:39
30,screens,اسكرينه غزاله,"op Reno3 6.4"" 1080x2400",60,9,2024-10-04 18:10:03,2025-01-04 16:39:21
31,screens,اسكرينه HD+,"op Reno8t 6.43"" 1080x2400",40,6,2024-10-04 18:11:22,2025-01-04 16:24:44
32,screens,اسكرينه غزاله,"rd Mi 12 6.28"" 1080x2400",60,3,2024-10-04 18:13:09,2025-01-04 16:24:06
33,screens,اسكرينه HD+,"rd  12c 6.71"" 720x1650",40,1,2024-10-04 18:14:14,2025-01-04 16:23:17
34,screens,اسكرينه غزاله,"rd 10c 6.71"" 720x1650",60,1,2024-10-04 18:15:26,2025-01-04 16:22:44
35,screens,اسكرينه غزاله,"rd Mi10a 6.53"" 720x1600",60,2,2024-10-04 18:16:17,2025-01-04 16:22:13
36,screens,اسكرينه HD+,"rd Mi10a 6.53"" 720x1600",40,0,2024-10-04 18:17:21,2025-01-04 16:21:49
37,screens,اسكرينه HD+,"rd Mi10 6.67"" 1080x2340",40,1,2024-10-04 18:17:54,2025-01-04 16:21:06
38,screens,اسكرينه HD+,"rd Mi5 5.7"" 720x1440",40,1,2024-10-04 18:18:30,2025-01-13 01:08:25
39,screens,اسكرينه HD+,"rd Mi5pro 5.99"" 1080x2160",40,3,2024-10-04 18:19:13,2025-01-04 16:19:20
40,screens,اسكرينه HD+,"rd Mi 7a 5.45"" 720x1440",40,2,2024-10-04 18:19:57,2025-01-04 16:18:16
41,screens,اسكرينه غزاله,"rd Note9 6.53"" 1080x2340",60,2,2024-10-04 18:20:32,2025-01-04 16:17:43
42,screens,اسكرينه غزاله,"rd Note8pro 6.67"" 1080x2400",60,1,2024-10-04 18:21:06,2025-01-04 16:17:27
43,screens,اسكرينه غوريلا,"rd Note8pro 6.67"" 1080x2400",50,3,2024-10-04 18:21:37,2025-01-04 16:17:10
44,screens,اسكرينه HD+,"rd Note9 6.53"" 1080x2340",40,3,2024-10-04 18:22:10,2025-01-04 16:16:47
45,screens,اسكرينه غزاله,"poco X3 6.67"" 1080x2400",60,4,2024-10-04 18:23:02,2025-01-04 16:16:08
46,screens,اسكرينه HD+,"poco X3 6.67"" 1080x2400",40,6,2024-10-04 18:24:09,2025-01-04 16:15:47
47,screens,اسكرينه HD+,rd Mi 1 +,40,2,2024-10-04 18:25:07,2024-10-04 18:25:07
48,screens,اسكرينه غزاله,rd Mi 1+,60,1,2024-10-04 18:25:44,2025-01-04 16:15:04
49,screens,اسكرينه HD+,"rd Mi9 6.53"" 1080x2340",40,3,2024-10-04 18:26:39,2025-01-04 16:14:23
50,screens,اسكرينه HD+,"rd A3 6.71"" 720x1650",40,0,2024-10-04 18:27:11,2025-01-04 16:11:22
51,screens,اسكرينه HD+,"rd Mi11t 6.67"" 1080x2400",40,2,2024-10-04 18:27:55,2025-01-04 16:10:49
52,screens,اسكرينه غوريلا,"rl C65 6.67"" 720x1604",50,3,2024-10-04 18:28:56,2025-01-04 16:09:43
53,screens,اسكرينه غزاله,"rl C55 6.72"" 1080x2400",60,6,2024-10-04 18:29:34,2025-01-04 16:08:28
54,screens,اسكرينه غوريلا,"rl C55 6.72"" 1080x2400",50,1,2024-10-04 18:30:13,2025-01-04 16:08:13
55,screens,اسكرينه غزاله,"rl 10 6.4"" 1080x2400",60,1,2024-10-04 18:30:46,2025-01-04 16:07:35
56,screens,اسكرينه غزاله,"rl C53 6.74"" 1080x2400",60,5,2024-10-04 18:31:14,2025-01-04 16:07:14
57,screens,اسكرينه غزاله,"rl C51 6.74"" 720x1600",60,5,2024-10-04 18:31:43,2025-01-04 16:06:46
58,screens,اسكرينه غزاله,"rl C30 6.5"" 720x1600",60,4,2024-10-04 18:32:52,2025-01-04 16:06:13
59,screens,اسكرينه غزاله,"rl C21 / C25 6.5"" 720x1600",60,5,2024-10-04 18:33:32,2025-01-04 16:05:41
60,screens,اسكرينه HD+,"rl C21 / C25 6.5"" 720x1600",40,3,2024-10-04 18:35:09,2025-01-04 16:05:21
61,screens,اسكرينه HD+,"rl C12 6.5"" 720x1560",40,4,2024-10-04 18:35:52,2025-01-04 16:04:49
62,screens,اسكرينه غزاله,"rl C11 / C15 6.5"" 720x1600",60,8,2024-10-04 18:36:31,2025-01-04 16:04:15
63,screens,اسكرينه غوريلا,"rl C11 / C15 6.5"" 720x1600",50,1,2024-10-04 18:37:45,2025-01-04 16:03:52
64,screens,اسكرينه HD+,"rl C11 /C15 6.5"" 720x1600",40,6,2024-10-04 18:38:27,2025-01-04 16:03:15
65,screens,اسكرينه HD+,"Mate10lite 5.9"" 1080x2160",40,4,2024-10-04 18:39:30,2025-01-04 16:02:39
66,screens,اسكرينه HD+,"P30lite 6.15"" 1080x2312",40,3,2024-10-04 18:40:17,2025-01-04 16:01:32
67,screens,اسكرينه غوريلا,"rl P20lite 5.84"" 1080x2280",50,1,2024-10-04 18:40:59,2025-01-04 16:00:54
68,screens,اسكرينه غزاله,"rl 9i 6.6"" 1080x2412",60,5,2024-10-04 18:41:28,2025-01-04 16:00:02
69,screens,اسكرينه غزاله,"rl 8pro 6.4"" 1080x2400",60,2,2024-10-04 18:42:06,2025-01-04 15:59:50
70,screens,اسكرينه HD+,"rl 8pro 6.4"" 1080x2400",40,1,2024-10-04 18:42:38,2025-01-04 15:59:24
71,screens,اسكرينه HD+,"rl 9i 6.6"" 1080x2412",40,3,2024-10-04 18:43:22,2025-01-04 15:58:17
72,screens,اسكرينه HD+,"rl 7pro 6.4"" 1080x2400",40,1,2024-10-04 18:44:13,2025-01-04 15:56:31
73,screens,اسكرينه HD+,"Huawei Novi 3i 6.3"" 1080x2340",40,5,2024-10-04 18:45:11,2025-01-04 15:55:23
74,screens,اسكرينه غزاله,"Huawei Novi9 6.57"" 1080x2340",60,1,2024-10-04 18:47:33,2025-01-04 15:54:22
75,screens,اسكرينه HD+,sam S7pro,40,2,2024-10-04 18:55:06,2024-10-04 18:55:06
76,screens,اسكرينه HD+,sam J4,40,1,2024-10-04 18:55:57,2024-10-04 18:55:57
77,screens,اسكرينه غزاله,sam G530,60,3,2024-10-04 18:57:09,2024-10-04 18:57:09
78,screens,اسكرينه HD+,sam G530,40,2,2024-10-04 18:57:57,2024-10-04 18:57:57
79,screens,اسكرينه HD+,sam 9082,40,4,2024-10-04 18:59:04,2024-10-04 18:59:04
80,screens,اسكرينه HD+,sam J2 core,40,7,2024-10-04 18:59:56,2024-10-04 18:59:56
81,screens,اسكرينه غزاله,"sam A70 6.7"" 1080x2400",60,3,2024-10-04 19:00:41,2025-01-04 15:53:16
82,screens,اسكرينه غزاله,"sam A71 6.7"" 1080x2400",60,5,2024-10-04 19:01:16,2025-01-04 15:53:01
83,screens,اسكرينه HD+,"sam A71 6.7"" 1080x2400",40,2,2024-10-04 19:01:41,2025-01-04 15:48:56
84,screens,اسكرينه غزاله,"sam M33 6.6"" 1080x2408",60,2,2024-10-04 19:02:18,2025-01-04 15:48:22
85,screens,اسكرينه HD+,"sam M61 / M62 6.7"" 1080x2400",40,3,2024-10-04 19:03:44,2025-01-04 15:47:46
86,screens,اسكرينه غزاله,"sam A71 6.7"" 1080x2400",60,1,2024-10-04 19:04:15,2025-01-04 15:46:27
87,screens,اسكرينه HD+,"sam A54 6.4"" 1080x2340",40,5,2024-10-04 19:05:03,2025-01-04 15:45:44
88,screens,اسكرينه HD+,"sam A20 / A30 / A50 6.4"" 1080x2340",40,5,2024-10-04 19:06:28,2025-01-04 15:45:12
89,screens,اسكرينه غزاله,"sam A23 6.6"" 1080x2408",60,5,2024-10-04 19:07:01,2025-01-04 15:44:36
90,screens,اسكرينه غزاله,"sam A24 6.5"" 1080x2340",60,3,2024-10-04 19:07:32,2025-01-04 15:44:22
91,screens,اسكرينه غزاله,"sam A34 6.6"" 1080x2340",60,5,2024-10-04 19:08:01,2025-01-04 15:44:07
92,screens,اسكرينه غزاله,"sam A21s  6.5"" 720x1600",60,5,2024-10-04 19:12:42,2025-01-04 15:43:51
93,screens,اسكرينه غزاله,"sam A05s 6.7"" 1080x2400",60,14,2024-10-04 19:14:06,2025-01-04 15:43:14
94,screens,اسكرينه غزاله,"sam A15 6.5"" 1080x2340",60,6,2024-10-04 19:15:01,2025-01-04 15:42:40
95,screens,اسكرينه غزاله,"sam A14 6.5"" 720x1600",60,5,2024-10-04 19:15:30,2025-01-04 15:42:08
96,screens,اسكرينه غزاله,"sam A13 6.6"" 1080x2408",60,0,2024-10-04 19:16:05,2025-01-04 15:41:53
97,screens,اسكرينه HD+,"sam A13 6.6"" 1080x2408",40,4,2024-10-04 19:16:50,2025-01-04 15:40:50
98,screens,اسكرينه غزاله,"sam A12 6.5"" 720x1600",60,6,2024-10-04 19:17:35,2025-01-04 15:40:31
99,screens,اسكرينه غزاله,"sam A10s / A10 6.2"" 720x1520",60,0,2024-10-04 19:18:03,2025-01-04 15:40:16
100,screens,اسكرينه غزاله,"sam A11 6.4"" 720x1560",60,3,2024-10-04 19:18:35,2025-01-04 15:39:45
101,screens,اسكرينه غزاله,"sam A10s / A10 6.2"" 720x1520",60,11,2024-10-04 19:19:40,2025-01-04 15:38:43
102,screens,اسكرينه غزاله,"sam A04s 6.4"" 720x1560",60,8,2024-10-04 19:20:18,2025-01-04 15:37:59
103,screens,اسكرينه غزاله,"sam A03s 6.5"" 720x1600",60,4,2024-10-04 19:20:49,2025-01-04 15:37:43
104,screens,اسكرينه غزاله,"sam A02s 6.5"" 720x1600",60,6,2024-10-04 19:21:21,2025-01-04 15:35:33
105,screens,اسكرينه غزاله,huawei y9s / y9 prime,60,1,2024-10-04 20:10:27,2024-11-12 20:23:44
106,screens,اسكرينه غزاله,"huawei y5 19 5.71"" 720x1520",60,1,2024-10-04 20:10:27,2025-01-04 15:34:52
107,screens,اسكرينه غزاله,"huawei y5 18 5.45"" 720x1440",60,2,2024-10-04 20:10:27,2025-01-04 15:34:16
108,screens,اسكرينه غزاله,"huawei y9 19 6.5"" 1080x2340",60,4,2024-10-04 20:10:27,2025-01-04 15:33:52
109,screens,اسكرينه غزاله,"huawei y6 19 6.09"" 720x1560",60,1,2024-10-04 20:10:27,2025-01-04 15:33:12
110,screens,اسكرينه غزاله,"huawei y8p 6.3"" 1080x2400",60,1,2024-10-04 20:10:27,2025-01-04 15:32:33
111,screens,اسكرينه غزاله,"huawei y7p 6.39"" 720x1560",60,1,2024-10-04 20:10:27,2025-01-04 15:32:19
112,screens,اسكرينه غزاله,"huawei y7 18 5.99"" 720x1440",60,3,2024-10-04 20:10:27,2025-01-04 15:32:01
121,screens,اسكرينه HD+,"huawei y5p 5.45"" 720x1440",60,1,2024-10-04 20:13:45,2025-01-04 15:31:46
122,screens,اسكرينه HD+,"huawei y7 18 5.99"" 720x1440",60,1,2024-10-04 20:13:45,2025-01-04 15:31:15
123,screens,اسكرينه HD+,"huawei y9 prime 6.59"" 1080x2340",60,2,2024-10-04 20:13:45,2025-01-04 15:30:34
124,screens,اسكرينه HD+,"huawei y5 18 5.45"" 720x1440",60,8,2024-10-04 20:13:45,2025-01-04 15:29:50
125,screens,اسكرينه HD+,"huawei y8p 6.3"" 1080x2400",60,1,2024-10-04 20:13:45,2025-01-04 15:29:07
126,screens,اسكرينه HD+,"huawei y7p 6.39"" 720x1560",60,1,2024-10-04 20:13:45,2025-01-04 15:28:35
127,screens,اسكرينه غوريلا,"infinx X629 6.6"" 720x1600",50,3,2024-10-04 20:33:36,2025-01-04 15:28:02
128,screens,اسكرينه غوريلا,"infinx X663 6.7"" 1080x2400",50,3,2024-10-04 20:33:36,2025-01-04 15:18:28
129,screens,اسكرينه غوريلا,"infinx X690 6.95"" 720x1640",50,4,2024-10-04 20:33:36,2025-01-04 15:17:48
130,screens,اسكرينه غوريلا,"infinx X688 6.82"" 720x1640",50,1,2024-10-04 20:33:36,2025-01-04 15:17:35
131,screens,اسكرينه غوريلا,"infinx X665 6.6"" 720x1612",50,3,2024-10-04 20:33:36,2025-01-04 15:16:41
132,screens,اسكرينه HD+,"infinx X559 5.5"" 720x1280",40,3,2024-10-04 20:33:58,2025-01-04 15:16:09
133,screens,اسكرينه HD+,"infinx X626 6.2"" 720x1520",40,5,2024-10-04 20:33:58,2025-01-04 15:14:46
134,screens,اسكرينه HD+,"infinx X636 6.18"" 1080x2246",40,3,2024-10-04 20:33:58,2025-01-04 15:13:52
135,screens,اسكرينه HD+,"infinx X606 6.0"" 720x1440",40,1,2024-10-04 20:33:58,2025-01-04 15:13:06
136,screens,اسكرينه HD+,"infinx X690 6.95"" 720x1640",40,3,2024-10-04 20:33:58,2025-01-04 15:11:25
137,screens,اسكرينه HD+,"infinx X680 6.82"" 720x1640",40,6,2024-10-04 20:33:58,2025-01-04 15:10:45
138,screens,اسكرينه HD+,"infinx X695 6.95"" 1080x2460",40,5,2024-10-04 20:33:58,2025-01-04 15:10:11
139,screens,اسكرينه HD+,"infinx X688 6.82"" 720x1640",40,3,2024-10-04 20:33:58,2025-01-04 15:09:32
140,screens,اسكرينه HD+,"infinx X683 6.95"" 720x1640",40,7,2024-10-04 20:33:58,2025-01-04 15:08:50
141,screens,اسكرينه HD+,"infinx X557 5.5"" 720x1280",40,4,2024-10-04 20:33:58,2025-01-04 15:07:41
142,screens,اسكرينه فامي,ip 6+/7+,50,3,2024-10-04 20:54:49,2024-10-04 20:54:49
143,screens,اسكرينه فامي,ip 12pro max,50,0,2024-10-04 20:54:49,2024-11-12 19:46:35
144,screens,اسكرينه غوريلا,ip 12pro max,50,3,2024-10-04 20:55:05,2024-10-04 20:55:05
145,screens,اسكرينه غوريلا,ip 7+,50,1,2024-10-04 20:55:05,2024-10-04 20:55:05
146,screens,اسكرينه غوريلا,ip 13pro max,50,7,2024-10-04 20:55:05,2024-10-04 20:55:05
147,screens,اسكرينه HD+,ip X /XS /11pro,40,4,2024-10-04 20:55:20,2024-10-25 16:41:13
148,screens,اسكرينه HD+,ip 14+,40,5,2024-10-04 20:55:20,2024-10-04 20:55:20
149,screens,اسكرينه HD+,ip 14pro,40,4,2024-10-04 20:55:20,2024-10-04 20:55:20
150,screens,اسكرينه HD+,ip 11pro max,40,0,2024-10-04 20:55:20,2024-11-12 19:45:40
151,screens,اسكرينه HD+,ip 12pro max,40,4,2024-10-04 20:55:20,2024-11-12 19:47:09
152,screens,اسكرينه غزاله,ip 7+/6+/8+,60,20,2024-10-04 20:55:33,2024-11-12 19:33:55
153,screens,اسكرينه غزاله,ip 7g/6g/8g,60,19,2024-10-04 20:55:33,2024-11-12 19:45:07
154,screens,اسكرينه غزاله,ip 11 /xr,60,0,2024-10-04 20:55:33,2024-10-25 16:42:10
155,screens,اسكرينه غزاله,ip X /XS /11pro,60,4,2024-10-04 20:55:33,2024-11-12 19:37:26
156,screens,اسكرينه غزاله,ip 11pro max,60,9,2024-10-04 20:55:33,2024-10-21 17:57:21
157,screens,اسكرينه غزاله,ip 13pro max,60,2,2024-10-04 20:55:33,2024-10-22 23:46:28
158,screens,اسكرينه غزاله,ip 15pro max,60,2,2024-10-04 20:55:33,2024-11-12 19:47:33
159,screens,اسكرينه غزاله,ip 12pro max,60,2,2024-10-04 20:55:33,2024-11-12 19:46:10
160,screens,اسكرينه في العلبه فامي توكيل,ip X/11pro,175,1,2024-10-04 21:44:40,2024-10-04 21:44:40
161,screens,اسكرينه في العلبه فامي توكيل,ip Xs max /11pro max,175,3,2024-10-04 21:44:40,2024-10-04 21:44:40
162,screens,اسكرينه في العلبه فامي توكيل,ip 12pro max,175,0,2024-10-04 21:44:40,2024-11-13 00:01:00
163,screens,اسكرينه في العلبه فامي توكيل,ip 13 /13pro /14,175,2,2024-10-04 21:44:40,2024-10-04 21:44:40
164,screens,اسكرينه في العلبه فامي توكيل,ip 14 pro,175,2,2024-10-04 21:44:40,2024-10-04 21:44:40
165,screens,اسكرينه في العلبه فامي توكيل,ip 14 pro max,175,2,2024-10-04 21:44:40,2024-10-04 21:44:40
166,screens,اسكرينه في العلبه فامي توكيل,ip 15,175,2,2024-10-04 21:44:40,2024-10-04 21:44:40
167,screens,اسكرينه في العلبه فامي توكيل,ip 15 pro max,175,1,2024-10-04 21:44:40,2024-11-13 15:59:25
168,screens,اسكرينه في العلبه توكيل,ip X/11pro,175,2,2024-10-04 21:44:58,2024-10-04 21:44:58
169,screens,اسكرينه في العلبه توكيل,ip Xs max /11pro max,175,2,2024-10-04 21:44:58,2024-10-04 21:44:58
170,screens,اسكرينه في العلبه توكيل,ip 12 /12pro,175,1,2024-10-04 21:44:58,2024-10-27 13:33:13
171,screens,اسكرينه في العلبه توكيل,ip 12pro max,175,1,2024-10-04 21:44:58,2024-10-12 00:18:08
172,screens,اسكرينه في العلبه توكيل,ip 13 /13pro /14,175,2,2024-10-04 21:44:58,2024-10-04 21:44:58
173,screens,اسكرينه في العلبه توكيل,ip 13pro max /14 plas,175,1,2024-10-04 21:44:58,2024-11-13 00:04:43
174,screens,اسكرينه في العلبه توكيل,ip 14 pro,175,2,2024-10-04 21:44:58,2024-10-04 21:44:58
175,screens,اسكرينه في العلبه توكيل,ip 14 pro max,175,0,2024-10-04 21:44:58,2024-11-13 15:57:18
176,screens,اسكرينه في العلبه توكيل,ip 15,175,2,2024-10-04 21:44:58,2024-10-04 21:44:58
177,screens,اسكرينه في العلبه توكيل,ip 15 pro max,175,1,2024-10-04 21:44:58,2024-10-04 21:44:58
178,screens,اسكرينه في العلبه فامي توكيل,ip 13 pro max,175,2,2024-10-04 21:47:58,2024-10-04 21:47:58
179,screens,اسكرينه في العلبه فامي توكيل,ip 14 pro max,175,2,2024-10-04 21:47:58,2024-11-13 15:57:59
180,screens,اسكرينه في العلبه فامي مش توكيل,ip 13 pro,75,1,2024-10-04 21:49:45,2024-10-04 21:49:45
181,screens,اسكرينه في العلبه مش توكيل,ip 13 / 13 pro,75,4,2024-10-04 21:59:22,2024-10-25 15:29:13
182,screens,اسكرينه في العلبه مش توكيل,ip 12 pro max,75,4,2024-10-04 21:59:22,2024-10-04 21:59:22
183,screens,اسكرينه في العلبه مش توكيل,"y6 18 / honor7A 5.7"" 720x1440",75,5,2024-10-04 22:02:13,2025-01-04 15:06:14
184,screens,اسكرينه الخضره,"op A5 2020 6.5"" 720x1600",75,5,2024-10-05 15:54:38,2025-01-04 15:02:39
185,screens,اسكرينه الخضره,"rl 10 6.4"" 1080x2400",75,7,2024-10-05 15:56:56,2025-01-04 15:01:25
186,screens,اسكرينه الخضره,"op A52 6.5"" 1080x2400",75,7,2024-10-05 15:57:24,2025-01-04 14:46:45
187,screens,اسكرينه الخضره,"op A1K 6.1"" 720x1560",75,5,2024-10-05 15:58:24,2025-01-04 14:43:04
188,screens,اسكرينه الخضره,"rl C11 6.5"" 720x1560",75,3,2024-10-05 15:59:15,2025-01-04 14:41:31
189,screens,اسكرينه الخضره,"sam A10s 6.2"" 720x1520",75,1,2024-10-05 15:59:56,2025-01-04 14:36:33
190,screens,اسكرينه الخضره,"op A15 6.52"" 720x1600",75,2,2024-10-05 16:00:13,2025-01-04 14:36:04
191,screens,اسكرينه الخضره,"op F11 6.53"" 1080x2340",75,5,2024-10-05 16:00:38,2025-01-04 14:35:26
192,screens,اسكرينه الخضره,"auawei y7-18 5.99"" 720x1440",75,5,2024-10-05 16:02:04,2025-01-04 14:34:55
193,screens,اسكرينه الخضره,"sam A70 6.7"" 1080x2400",75,8,2024-10-05 16:02:26,2025-01-04 14:33:58
194,screens,اسكرينه الخضره,"sam A34 6.6"" 1080x2340",75,7,2024-10-05 16:03:30,2025-01-04 14:33:26
195,screens,اسكرينه الخضره,"sam A14 6.5"" 720x1600",75,8,2024-10-05 16:03:57,2025-01-04 14:32:57
196,screens,اسكرينه الخضره,"poco X3 6.67"" 1080x2400",75,4,2024-10-05 16:04:24,2025-01-04 14:32:22
197,screens,اسكرينه الخضره,"sam A24 6.5"" 1080x2340",75,6,2024-10-05 16:05:23,2025-01-04 14:31:44
198,screens,اسكرينه الخضره,"poco m3 6.53"" 1080x2340",75,4,2024-10-05 16:05:55,2025-01-04 14:31:01
199,screens,اسكرينه الخضره,"sam A04s 6.4"" 720x1560",75,5,2024-10-05 16:06:17,2025-01-04 14:30:25
200,screens,اسكرينه الخضره,"sam A11 6.4"" 720x1560",75,5,2024-10-05 16:06:41,2025-01-04 14:29:49
201,screens,اسكرينه الخضره,"op Reno2f 6.5"" 1080x2340",75,3,2024-10-05 16:08:28,2025-01-04 14:28:48
202,screens,اسكرينه الخضره,"op A16 6.52"" 720x1600",75,2,2024-10-05 16:08:54,2025-01-04 14:27:56
203,screens,اسكرينه الخضره,"sam A23 6.6"" 1080x2408",75,5,2024-10-05 16:09:21,2025-01-04 14:27:01
204,other,عدسه,ip 13 pro max,100,0,2024-10-05 16:43:38,2025-01-13 18:52:20
205,other,عدسه,ip 12 pro max,100,0,2024-10-05 16:43:38,2025-01-13 19:06:31
206,other,عدسه,ip 11 pro,100,0,2024-10-05 16:43:38,2025-01-13 18:51:38
207,other,عدسه,ip 14 pro max,100,0,2024-10-05 16:43:38,2025-01-13 18:56:21
208,other,عدسه,ip 11,100,0,2024-10-05 16:43:38,2025-01-14 22:45:00
209,other,عدسه,ip 13,100,0,2024-10-05 16:43:38,2024-10-25 18:13:33
210,other,عدسه,ip 14,100,0,2024-10-05 16:43:38,2025-01-14 22:46:33
211,other,عدسه,ip 14 pro max,100,1,2024-10-05 16:43:38,2024-10-05 16:43:38
212,other,V3,شاحن,50,8,2024-10-05 20:21:06,2024-12-29 17:43:19
213,other,N70,شاحن,50,9,2024-10-05 20:21:06,2024-10-05 20:21:06
214,other,برتقالي,كابل type-c,50,17,2024-10-05 20:21:06,2024-12-29 17:53:52
215,other,برتقالي,كابل ip,50,1,2024-10-05 20:21:06,2024-12-29 17:54:50
216,other,برتقالي,كابل micro,50,10,2024-10-05 20:21:06,2025-01-13 19:08:56
220,other,leader,شاحن type-c fast,250,2,2024-10-05 20:36:34,2024-10-05 20:36:34
221,other,leader,كابل type-c type-c,200,3,2024-10-06 20:28:51,2024-10-21 17:11:27
222,other,gable,كابل بور بنك ايفون,35,4,2024-10-06 20:28:51,2024-10-21 17:15:03
223,other,gable,كابل بور بنك  type-c,40,4,2024-10-06 20:28:51,2024-12-29 22:09:05
224,other,ايفون,كونفرت سماعه ايفون,75,5,2024-10-06 20:28:51,2025-01-14 22:48:00
225,other,joyroom,كونفرت سماعه ايفون,75,2,2024-10-06 20:28:51,2024-10-28 16:32:39
226,other,sam,كونفرت سماعه  type-c,75,4,2024-10-06 20:28:51,2024-12-31 04:27:32
227,other,zarad,كابل type-c type-c 60w,140,4,2024-10-06 20:28:51,2024-12-30 18:10:35
228,other,zarad,كابل type-c type-c 36w,100,5,2024-10-06 20:28:51,2024-10-06 20:28:51
229,other,ايفون,كابل type-c type-c,100,4,2024-10-06 20:28:51,2024-11-12 23:32:04
230,other,sam,شاحن sam 45w,350,1,2024-10-06 20:28:51,2024-12-29 22:19:13
231,other,oppo R15,شاحن سريع,350,3,2024-10-06 20:28:51,2024-10-31 21:53:13
232,other,joyroom,كونفرت سماعه  type-c,80,4,2024-10-06 20:28:51,2024-12-31 08:00:05
234,other,جيروم,شاحن جيروم احمر ,100,3,2024-10-07 01:39:32,2024-10-07 01:39:32
235,other,جيروم JM-01,شاحن جيروم ازرق  ميكرو,100,2,2024-10-07 01:39:32,2024-11-12 23:32:39
236,other,جيروم,كابل جيروم type-c  ,150,4,2024-10-07 01:39:32,2024-10-07 01:39:32
237,other,sam,شاحن سامسونج 25,400,1,2024-10-07 01:39:32,2025-01-14 22:48:35
238,other,شاومي,شاحن شاومي 55,400,2,2024-10-07 01:39:32,2024-10-07 01:39:32
239,other,شاومي,33شاحن شاومي ,350,2,2024-10-07 01:39:32,2024-10-07 01:39:32
240,other,ليضر, شاحن ليضر تيب سي,150,0,2024-10-07 01:39:32,2024-10-31 21:32:26
241,other,ليضر فسط, شاحن ليضر تيب سي,250,3,2024-10-07 01:39:32,2024-12-29 18:15:30
242,other,ليضر فسط, شاحن ليضر ايفون,250,4,2024-10-07 01:39:32,2024-12-29 18:15:12
243,other,JOYVOOM, كابل 1*1,100,4,2024-10-07 01:57:39,2024-12-29 22:21:35
244,other,خطوط, بيت خط,25,11,2024-10-07 01:57:39,2024-12-29 22:18:14
246,other,ساعه,جربات استرس49,75,8,2024-10-07 01:57:39,2024-12-29 21:27:35
247,other,start,شاحن start,300,1,2024-10-07 01:57:39,2024-12-29 18:18:40
248,other,strong,شاحى strong,250,2,2024-10-07 16:09:39,2024-10-07 16:09:39
252,other,ليدر فاست,كابل micro,50,3,2024-10-07 16:15:12,2024-10-07 16:15:12
253,other,فاست AWEL,كابل تيب سي,50,1,2024-10-07 16:15:12,2024-10-07 16:15:12
254,other,soudo,سماعه ,400,5,2024-10-07 16:15:12,2024-10-07 16:15:12
255,other,p9,سماعه ,350,1,2024-10-07 16:15:12,2024-10-07 16:15:12
256,other,jl-240,صاب,400,0,2024-10-07 16:15:12,2025-01-14 22:52:26
257,other,دراع,دراع بابجي ,75,1,2024-10-07 16:15:12,2024-10-07 16:15:12
258,other,jl-605,صاب ,400,1,2024-10-07 16:15:12,2024-10-07 16:15:12
259,other,65w OPPO,بلجه65 ,250,2,2024-10-07 16:15:12,2024-10-07 16:15:12
260,other,جروم,سماعه ,250,1,2024-10-07 16:15:12,2024-10-07 16:15:12
261,other,جلد,استيك ساعه ,80,14,2024-10-07 16:15:12,2024-12-29 20:09:41
262,other,قماش,استيك ساعه ,100,11,2024-10-07 16:15:12,2024-12-29 20:09:48
263,other,gt-112,صاب,250,0,2024-10-07 16:15:12,2025-01-14 22:49:10
264,other,uliter 8+,ساعه,850,1,2024-10-07 16:15:12,2024-10-07 16:15:12
265,other,10000W,بور بنك,500,0,2024-10-07 16:15:12,2024-10-13 19:29:07
266,other,20000w,بور بنك,950,1,2024-10-07 16:15:12,2024-10-07 16:15:12
267,other,جربات, جربات اربودز,25,4,2024-10-07 16:15:12,2024-10-07 16:15:12
268,other,45w,  بلجه45,350,6,2024-10-07 16:15:12,2024-12-30 18:11:06
269,other,eir pods,جراب اربودز جلد,300,4,2024-10-07 16:15:12,2024-10-31 21:21:25
270,other,ديسك توب,ديسك توب,75,1,2024-10-07 16:15:12,2024-10-25 21:22:19
271,other, otg LIGHTNING, otg ايفون,100,9,2024-10-07 16:15:12,2024-10-07 16:15:12
272,other, otg, otg ميكرو,75,6,2024-10-07 16:15:12,2024-10-07 16:15:12
273,other, otg, otg تيب سي,75,12,2024-10-07 16:15:12,2024-10-07 16:15:12
274,other, عربيه, شاحن عربيه ,280,1,2024-10-07 16:15:12,2025-01-14 22:54:20
275,other, عربيه,  topشاحن عربيه ,150,1,2024-10-07 16:15:12,2024-10-07 16:15:12
276,other, عربيه,  ldnloشاحن عربيه ,150,1,2024-10-07 16:15:12,2024-10-07 16:15:12
277,other, سماعه,  سماعه ylson,50,0,2024-10-07 16:15:12,2024-10-30 20:12:06
278,other, سماعه,  سماعه k3pro,200,2,2024-10-07 16:15:12,2024-10-07 16:15:12
279,other, سماعه,  سماعه تيب سي,200,4,2024-10-07 16:15:12,2024-10-14 05:03:59
280,other, سماعه ,ليضر سماعه ,150,2,2024-10-07 16:15:12,2024-10-14 05:03:12
281,other, سماعه,Blue سماعه ,75,7,2024-10-07 16:15:12,2024-12-29 21:50:11
282,other, otg,تيب سي remexo ,50,7,2024-10-07 16:15:12,2024-10-07 16:15:12
283,other, otg, ميكرو remexo ,50,5,2024-10-07 16:15:12,2024-10-07 16:15:12
284,other, otg+USB, ايفون ,75,8,2024-10-07 16:15:12,2024-10-07 16:15:12
285,other, ليضر, ليضر  ,25,2,2024-10-07 16:15:12,2024-10-07 16:15:12
286,other, otg+USB, otg ميكرو  ,50,10,2024-10-07 16:15:12,2024-10-07 16:15:12
287,other, 1x1, Remexl كبل  ,40,2,2024-10-07 16:15:12,2024-10-07 16:15:12
288,other, ساعه, شاحن ساعه ,100,2,2024-10-07 16:15:12,2024-10-18 23:25:56
289,other, بلوتوث,فلاشه بلوتوث ,75,1,2024-10-07 16:15:12,2024-10-07 16:15:12
291,other,كبلات تيب سي,LDNIO ABS,75,2,2024-10-07 16:15:12,2024-10-31 21:08:08
292,other, تيب سي , كبلات في الكيس,50,6,2024-10-07 16:15:12,2024-10-07 16:15:12
293,other, ميكرو , كبلات في الكيس,50,8,2024-10-07 16:15:12,2024-10-07 16:15:12
295,other, eanb , سماعه,150,0,2024-10-07 16:44:11,2025-01-14 22:51:52
296,other,leader ليضر فسط,شاحن ليضر مكرو,150,5,2024-10-08 01:13:54,2024-12-29 18:16:28
297,other,JOYROOM,شاحن جروم تيب سي,130,4,2024-10-08 01:20:10,2024-12-29 18:18:04
298,other, ليضر ,كبل تيب سي,120,17,2024-10-08 01:30:44,2024-12-30 18:10:06
299,other, ليضر ,كبل ميكرو,120,5,2024-10-08 01:30:44,2024-12-29 18:00:31
300,other, ليضر ,كبل ايفون,120,8,2024-10-08 01:30:44,2024-12-29 18:00:17
301,other,كبل تبلت,,75,3,2024-10-08 01:30:44,NULL
302,kafirs,IPHONE 13,جراب بامب ,50,4,2024-10-08 22:26:12,2024-10-08 22:26:12
303,kafirs,IPHONE 13 PRO,جراب في العلبه,100,1,2024-10-08 22:26:12,2024-10-22 17:01:19
304,kafirs,IPHONE 13 PRO, بامب قديم جراب,75,3,2024-10-08 22:26:12,2024-10-08 22:26:12
305,kafirs,IPHONE 13 PRO MAX,جراب الي في البكت,120,2,2024-10-08 22:26:12,2024-10-08 22:26:12
306,kafirs,IPHONE 13 PRO MAX,جراب وير لس,100,8,2024-10-08 22:26:12,2024-10-08 22:26:12
307,kafirs,IPHONE 13 PRO MAX,جراب بامب قديم,75,6,2024-10-08 22:26:12,2025-01-14 10:51:43
308,kafirs,IPHONE 14,جراب الي في البكت,80,3,2024-10-08 22:26:12,2024-10-08 22:26:12
309,kafirs,IPHONE 14,جراب وير لس,80,3,2024-10-08 22:26:12,2024-10-08 22:26:12
310,kafirs,IPHONE 14,جراب بامب قديم,50,3,2024-10-08 22:26:12,2024-10-08 22:26:12
311,kafirs,IPHONE 14PRO,جراب بامب قديم,50,3,2024-10-08 22:26:12,2024-10-08 22:26:12
312,kafirs,IPHONE 14PRO,جراب في العلبه,80,2,2024-10-08 22:26:12,2024-10-23 20:01:46
313,kafirs,IPHONE 14PRO MAX,جراببامب قديم,50,6,2024-10-08 22:26:12,2024-10-08 22:26:12
314,kafirs,IPHONE 14PRO MAX,جراب وير لس,80,9,2024-10-08 22:26:12,2025-01-14 10:44:07
315,kafirs,IPHONE 14 MAX,جراب الي في البكت,120,4,2024-10-08 22:26:12,2024-10-08 22:26:12
316,kafirs,IPHONE 15,جراب بامب قديم,60,4,2024-10-08 22:26:12,2024-10-08 22:26:12
317,kafirs,IPHONE 15 PRO,جراب وير لس,60,3,2024-10-08 22:26:12,2024-10-08 22:26:12
318,kafirs,IPHONE 15 PRO MAX,جراب وير لس,60,2,2024-10-08 22:26:12,2024-10-08 22:26:12
322,kafirs,IPHONE 11 PRO MAX,جراب في العلبه,80,18,2024-10-08 22:26:12,2024-11-12 23:04:25
323,kafirs,IPHONE 11 PRO MAX,جراب ويرليس,60,6,2024-10-08 22:26:12,2024-10-08 22:26:12
325,kafirs,IPHONE 12,جراب في العلبه,80,8,2024-10-08 22:26:12,2024-10-08 22:26:12
326,kafirs,IPHONE 12,جراب ويرليس,60,2,2024-10-08 22:26:12,2024-10-08 22:26:12
327,kafirs,IPHONE 12,جراب بامب,50,2,2024-10-08 22:26:12,2024-10-23 18:48:04
328,kafirs,IPHONE 12 PRO,جراب بامب,50,4,2024-10-08 22:26:12,2024-10-08 22:26:12
329,kafirs,IPHONE 12 PRO,جراب في العلبه,60,4,2024-10-08 22:26:12,2024-10-08 22:26:12
330,kafirs,IPHONE 12 MAX,جراب,75,13,2024-10-08 22:26:12,2024-10-08 22:26:12
331,kafirs,IPHONE 12 MAX,جراب,100,3,2024-10-08 22:26:12,2024-10-08 22:26:12
332,kafirs,IPHONE 11,جراب بامب,50,3,2024-10-08 22:26:12,2024-10-31 23:17:05
333,kafirs,IPHONE 11 PRO,جراب بامب,50,4,2024-10-08 22:26:12,2024-10-08 22:26:12
334,kafirs,IPHONE 11 PRO,جراب ويرليس,60,3,2024-10-08 22:26:12,2024-10-08 22:26:12
336,kafirs,IPHONE XS MAX,جراب ويرلس,60,1,2024-10-08 22:26:12,2024-10-23 18:17:42
337,kafirs,IPHONE XR,جراب,100,2,2024-10-08 22:26:12,2024-10-08 22:26:12
339,kafirs,IPHONE 13 PRO MAX ,جراب,150,0,2024-10-08 22:26:12,2024-11-12 23:15:00
340,kafirs,IPHONE 13 PRO ,جراب,150,0,2024-10-08 22:26:12,2024-11-12 23:08:45
341,kafirs,IPHONE 14 PRO ,جراب,150,1,2024-10-08 22:26:12,2024-10-08 22:26:12
343,kafirs,SAM A54 ,جراب ليزر,40,0,2024-10-08 22:26:12,2024-11-12 20:37:24
344,kafirs,SAM A50 ,جراب ليزر,40,3,2024-10-08 22:26:12,2024-11-12 20:38:19
345,kafirs,SAM A54 ,جراب مبطن,60,0,2024-10-08 22:26:12,2024-11-12 20:35:34
346,kafirs,SAM A34 ,جراب ليزر,40,1,2024-10-08 22:26:12,2024-10-08 22:26:12
347,kafirs,SAM A34 ,جراب مبطن,60,4,2024-10-08 22:26:12,2024-10-08 22:26:12
348,kafirs,SAM A34 ,جراب بامب,50,2,2024-10-08 22:26:12,2024-10-08 22:26:12
349,kafirs,SAM A32 ,جراب ليزر,40,3,2024-10-08 22:26:12,2024-10-08 22:26:12
350,kafirs,SAM A32 ,جراب 20,20,1,2024-10-08 22:26:12,2024-11-12 20:42:39
351,kafirs,SAM A32 ,جراب بامب,50,2,2024-10-08 22:26:12,2024-11-12 20:41:07
352,kafirs,SAM A24 ,جراب بامب,50,2,2024-10-08 22:26:12,2024-10-16 17:11:16
353,kafirs,SAM A24 ,جراب ليزر,40,2,2024-10-08 22:26:12,2024-10-08 22:26:12
354,kafirs,SAM A23 ,جراب بامب,50,4,2024-10-08 22:26:12,2024-11-12 20:43:16
355,kafirs,SAM A23 ,جراب ليزر,40,3,2024-10-08 22:26:12,2024-10-08 22:26:12
356,kafirs,SAM A21S ,جراب 20,20,1,2024-10-08 22:26:12,2024-10-08 22:26:12
357,kafirs,SAM A22 ,جراب ليزر,40,0,2024-10-08 22:26:12,2024-11-12 20:43:45
358,kafirs,SAM A22,جراب بامب,50,1,2024-10-08 22:26:12,2024-10-08 22:26:12
359,kafirs,SAM A22,جراب 20,20,3,2024-10-08 22:26:12,2024-10-08 22:26:12
360,kafirs,SAM A20S,جراب بامب,50,2,2024-10-08 22:26:12,2024-10-08 22:26:12
361,kafirs,SAM A10S,جراب مبطن,60,1,2024-10-08 22:26:12,2024-11-12 20:44:31
362,kafirs,SAM A10S,جراب بامب,50,1,2024-10-08 22:26:12,2024-10-08 22:26:12
363,kafirs,SAM A20,جراب ليزر,40,0,2024-10-08 22:26:12,2024-11-12 20:45:13
364,kafirs,SAM A20,جراب بامب,50,1,2024-10-08 22:26:12,2024-11-12 20:45:02
365,kafirs,SAM A11,جراب بامب,50,1,2024-10-08 22:26:12,2024-10-08 22:26:12
366,kafirs,SAM A14,جراب مبطن,60,1,2024-10-08 22:26:12,2024-11-12 20:45:26
367,kafirs,SAM A14,جراب ليزر,40,4,2024-10-08 22:26:12,2024-10-08 22:26:12
368,kafirs,SAM A14,جراب بامب,50,3,2024-10-08 22:26:12,2024-10-08 22:26:12
369,kafirs,SAM A13,جراب بامب,50,7,2024-10-08 22:26:12,2024-11-12 20:46:37
370,kafirs,SAM A13,جراب ليزر,40,2,2024-10-08 22:26:12,2024-10-08 22:26:12
371,kafirs,SAM A13,جراب مبطن,60,2,2024-10-08 22:26:12,2024-11-12 20:46:21
372,kafirs,SAM A12,جراب ليزر,40,1,2024-10-08 22:26:12,2024-10-08 22:26:12
373,kafirs,SAM A12,جراب بامب,50,4,2024-10-08 22:26:12,2024-11-12 20:47:19
374,kafirs,SAM A12,جراب 20,20,0,2024-10-08 22:26:12,2024-11-12 20:47:07
375,kafirs,SAM A04S,جراب بامب,50,3,2024-10-08 22:26:12,2024-10-08 22:26:12
376,kafirs,SAM A04S,جراب ليزر,40,4,2024-10-08 22:26:12,2024-10-08 22:26:12
377,kafirs,SAM A04S,جراب مبطن,60,2,2024-10-08 22:26:12,2024-10-08 22:26:12
378,kafirs,SAM A02S,جراب مبطن,60,1,2024-10-08 22:26:12,2024-10-08 22:26:12
379,kafirs,SAM A02S,جراب ليزر,40,3,2024-10-08 22:26:12,2024-11-12 20:49:29
380,kafirs,SAM A03CORE,جراب ليزر,40,2,2024-10-08 22:26:12,2024-10-08 22:26:12
381,kafirs,SAM A03CORE,جراب بامب,50,1,2024-10-08 22:26:12,2024-10-08 22:26:12
382,kafirs,SAM A03S,جراب ليزر,40,0,2024-10-08 22:26:12,2024-11-12 20:49:12
383,kafirs,SAM A03S,جراب مبطن,60,1,2024-10-08 22:26:12,2024-10-08 22:26:12
384,kafirs,SAM A71,جراب ليزر,40,2,2024-10-08 22:26:12,2024-10-17 20:26:15
385,kafirs,SAM A71,جراب 20,20,1,2024-10-08 22:26:12,2024-10-08 22:26:12
386,kafirs,SAM A72,جراب بامب,50,3,2024-10-08 22:26:12,2024-10-08 22:26:12
387,kafirs,SAM A72,جراب ليزر,40,3,2024-10-08 22:26:12,2024-11-12 20:51:27
388,kafirs,SAM A54,جراب ليزر,40,0,2024-10-08 22:26:12,2024-11-12 20:52:23
389,kafirs,SAM A54,جراب مبطن,60,2,2024-10-08 22:26:12,2024-11-12 20:52:43
390,kafirs,SAM M52,جراب ليزر,40,1,2024-10-08 22:26:12,2024-10-08 22:26:12
391,kafirs,SAM A52S,جراب ليزر,40,3,2024-10-08 22:26:12,2024-10-08 22:26:12
392,kafirs,SAM A52,جراب ليزر,40,4,2024-10-08 22:26:12,2024-10-08 22:26:12
393,kafirs,SAM A52,جراب بامب,50,1,2024-10-08 22:26:12,2024-10-29 07:25:16
394,kafirs,SAM NOTE9,جراب بامب,50,1,2024-10-08 22:26:12,2024-11-12 20:54:05
395,kafirs,SAM NOTE9,جراب ليزر,40,1,2024-10-08 22:26:12,2024-10-08 22:26:12
396,kafirs,SAM NOTE8,جراب ليزر,40,1,2024-10-08 22:26:12,2024-10-08 22:26:12
397,kafirs,SAM A51,بامب,40,5,2024-10-08 22:26:12,2024-11-12 20:56:24
398,kafirs,OP 74 4G,جراب 20,20,3,2024-10-08 22:26:12,2024-10-08 22:26:12
399,kafirs,OP 74 4G,جراب ليزر,20,1,2024-10-08 22:26:12,2024-10-08 22:26:12
400,kafirs,oppo A74 4G,جراب بامب,50,3,2024-10-08 22:26:12,2024-11-12 20:55:03
401,kafirs,SAM M32,جراب 20,20,5,2024-10-08 22:26:12,2024-10-08 22:26:12
402,kafirs,HUAWEI Y3 2017,جراب ليزر,40,4,2024-10-08 22:26:12,2024-10-08 22:26:12
403,kafirs,HUAWEI Y5 2018,جراب ليزر,40,3,2024-10-08 22:26:12,2024-10-08 22:26:12
404,kafirs,HUAWEI Y5 2019,جراب بامب,50,1,2024-10-08 22:26:12,2024-10-08 22:26:12
405,kafirs,HUAWEI Y6 2018,جراب بامب,50,0,2024-10-08 22:26:12,2024-11-12 20:58:21
406,kafirs,HUAWEI Y6 2018,جراب ليزر,40,1,2024-10-08 22:26:12,2024-10-08 22:26:12
407,kafirs,HUAWEI Y6 2019,جراب ليزر,40,1,2024-10-08 22:26:12,2024-10-08 22:26:12
408,kafirs,HUAWEI Y7 2018,جراب بامب,50,4,2024-10-08 22:26:12,2024-11-12 20:57:51
409,kafirs,HUAWEI Y9 2018,جراب ليزر,40,1,2024-10-08 22:26:12,2024-10-08 22:26:12
410,kafirs,HUAWEI Y9 2019,جراب ليزر,40,0,2024-10-08 22:26:12,2024-10-23 22:24:18
411,kafirs,HUAWEI Y9 PRIME 2019,جراب 20,20,2,2024-10-08 22:26:12,2024-10-08 22:26:12
412,kafirs,HUAWEI Y9 PRIME 2019,جراب بامب,50,1,2024-10-08 22:26:12,2024-10-08 22:26:12
413,kafirs,SAM J5 PRIME,جراب ليزر,40,2,2024-10-08 22:26:12,2024-10-08 22:26:12
414,kafirs,HUAWEI NOVA5T,جراب ليزر,40,3,2024-10-08 22:26:12,2024-10-08 22:26:12
415,kafirs,HUAWEI NOVA31,جراب ليزر,40,1,2024-10-08 22:26:12,2024-10-08 22:26:12
416,kafirs,HUAWEI NOVA31,جراب بامب,50,2,2024-10-08 22:26:12,2024-10-08 22:26:12
417,kafirs,HUAWEI NOVA71,جراب بامب,50,0,2024-10-08 22:26:12,2025-01-01 17:47:05
418,kafirs,HUAWEI NOVA71,جراب ليزر,40,0,2024-10-08 22:26:12,2024-10-22 00:50:27
419,kafirs,HUAWEI HONOR 50,جراب ليزر,40,3,2024-10-08 22:26:12,2024-10-08 22:26:12
420,kafirs,HUAWEI HONOR 9LITE,جراب ليزر,40,2,2024-10-08 22:26:12,2024-10-08 22:26:12
421,kafirs,HUAWEI Y7A,جراب ليزر,40,2,2024-10-08 22:26:12,2024-10-08 22:26:12
422,kafirs,OP A54,جراب 20,20,4,2024-10-08 22:26:12,2024-11-12 21:38:44
423,kafirs,OP A54 4G,جراب بامب,50,2,2024-10-08 22:26:12,2024-10-08 22:26:12
424,kafirs,OP A38,جراب بامب,50,3,2024-10-08 22:26:12,2024-11-12 21:10:17
425,kafirs,OP A98,جراب ليزر,40,2,2024-10-08 22:26:12,2024-10-08 22:26:12
426,kafirs,OP A17K,جراب ليزر,40,3,2024-10-08 22:26:12,2024-10-08 22:26:12
427,kafirs,OP A16,جراب ليزر,40,2,2024-10-08 22:26:12,2024-10-08 22:26:12
428,kafirs,OP A16,جراب 20,20,5,2024-10-08 22:26:12,2024-10-08 22:26:12
429,kafirs,OP A16,جراب بامب,50,4,2024-10-08 22:26:12,2024-11-12 21:18:31
430,kafirs,OP A16K,جراب ليزر,40,4,2024-10-08 22:26:12,2024-11-12 21:20:39
431,kafirs,OP F11,جراب بامب,50,4,2024-10-08 22:26:12,2024-11-12 21:21:06
432,kafirs,OP F11 PRO,جراب ليزر,40,2,2024-10-08 22:26:12,2024-10-08 22:26:12
433,kafirs,OP A1K ,جراب ليزر,40,1,2024-10-08 22:26:12,2024-10-08 22:26:12
434,kafirs,OP A1K ,جراب 20,20,1,2024-10-08 22:26:12,2024-10-08 22:26:12
435,kafirs,OP A1K ,جراب بامب,50,5,2024-10-08 22:26:12,2024-11-12 21:23:31
436,kafirs,OP A1K ,جراب مبطن,60,1,2024-10-08 22:26:12,2024-11-12 21:22:24
437,kafirs,OP A9 2020 ,جراب ليزر,40,3,2024-10-08 22:26:12,2024-10-15 14:36:42
438,kafirs,INFINIX HOT11S ,جراب بامب,50,3,2024-10-08 22:26:12,2024-10-08 22:26:12
439,kafirs,SAM A73 ,جراب ليزر,40,1,2024-10-08 22:26:12,2024-10-08 22:26:12
440,kafirs,INFINIX X650 ,جراب مبطن,60,2,2024-10-08 22:26:12,2024-10-08 22:26:12
441,kafirs,"INFINIX HOT10S , x689b",جراب 20,20,3,2024-10-08 22:26:12,2024-11-12 21:27:12
442,kafirs,INFINIX SMART 6+ ,جراب مبطن,60,2,2024-10-08 22:26:12,2024-10-08 22:26:12
443,kafirs,HONRX8,جراب بامب,50,3,2024-10-08 22:26:12,2024-10-08 22:26:12
444,kafirs,HONR FOR X9 4G,جراب بامب,50,1,2024-10-08 22:26:12,2024-10-08 22:26:12
445,kafirs,INFINIX HOT11 ,جراب بامب,50,2,2024-10-08 22:26:12,2024-10-08 22:26:12
446,kafirs,INFINIX SMART 5 ,جراب بامب,50,2,2024-10-08 22:26:12,2024-10-08 22:26:12
447,kafirs,INFINIX SMART 5 ,جراب ليزر,40,1,2024-10-08 22:26:12,2024-10-08 22:26:12
448,kafirs,INFINIX X653 ,جراب ليزر,40,1,2024-10-08 22:26:12,2024-10-08 22:26:12
449,kafirs,INFINIX X653 ,جراب 20,20,3,2024-10-08 22:26:12,2024-10-08 22:26:12
450,kafirs,INFINIX SMART 6 ,جراب 20,20,3,2024-10-08 22:26:13,2024-10-08 22:26:13
451,kafirs,INFINIX SMART 6 ,جراب ليزر,40,6,2024-10-08 22:26:13,2024-10-08 22:26:13
452,kafirs,INFINIX SMART 6 ,جراب بامب,50,5,2024-10-08 22:26:13,2024-10-08 22:26:13
453,kafirs,TECNO SMART 7 ,جراب بامب,50,1,2024-10-08 22:26:13,2024-10-08 22:26:13
454,kafirs,INFINIX HOT 11S ,جراب ليزر,40,1,2024-10-08 22:26:13,2024-10-08 22:26:13
455,kafirs,REALME C21Y ,جراب ليزر,40,2,2024-10-08 22:26:13,2024-10-08 22:26:13
456,kafirs,REALME C21Y ,جراب 20,20,3,2024-10-08 22:26:13,2024-10-08 22:26:13
457,kafirs,REALME C21Y ,جراب بامب,50,4,2024-10-08 22:26:13,2024-11-12 21:39:56
458,kafirs,REALME C25Y ,جراب بامب,50,2,2024-10-08 22:26:13,2024-10-08 22:26:13
459,kafirs,REALME C15 ,جراب بامب,50,0,2024-10-08 22:26:13,2024-10-12 02:18:37
460,kafirs,OP A54 4G ,جراب ليزر,40,0,2024-10-08 22:26:13,2024-11-12 21:05:29
461,kafirs,REALME C11 21 ,جراب ليزر,40,3,2024-10-08 22:26:13,2024-10-08 22:26:13
462,kafirs,REALME C11 21 ,جراب 20,20,2,2024-10-08 22:26:13,2024-10-08 22:26:13
463,kafirs,REALME C11  ,جراب ليزر,40,3,2024-10-08 22:26:13,2024-10-08 22:26:13
464,kafirs,REALME C15  ,جراب ليزر,40,1,2024-10-08 22:26:13,2024-11-12 21:40:18
465,kafirs,REALME C17  ,جراب مبطن,60,1,2024-10-08 22:26:13,2024-10-08 22:26:13
466,kafirs,REALME 11  ,جراب بامب,60,3,2024-10-08 22:26:13,2024-10-08 22:26:13
467,kafirs,REALME 10  ,جراب ليزر,40,2,2024-10-08 22:26:13,2024-10-08 22:26:13
468,kafirs,REALME 10  ,جراب 20,20,2,2024-10-08 22:26:13,2024-10-08 22:26:13
469,kafirs,REALME 10  ,جراب بامب,50,1,2024-10-08 22:26:13,2024-10-08 22:26:13
470,kafirs,REALME 10PRO  ,جراب بامب,50,1,2024-10-08 22:26:13,2024-10-08 22:26:13
471,kafirs,REALME 5  ,جراب ليزر,40,2,2024-10-08 22:26:13,2024-10-08 22:26:13
472,kafirs,REALME 6PRO  ,جراب ليزر,40,1,2024-10-08 22:26:13,2024-10-08 22:26:13
473,kafirs,REALME 3,جراب ليزر,40,1,2024-10-08 22:26:13,2024-10-08 22:26:13
474,kafirs,RENO8T,جراب مبطن,60,2,2024-10-08 22:26:13,2024-11-12 21:52:30
475,kafirs,RENO8T,جراب بامب,50,2,2024-10-08 22:26:13,2024-10-08 22:26:13
476,kafirs,RENO 10,جراب بامب,50,3,2024-10-08 22:26:13,2024-10-08 22:26:13
477,kafirs,RENO8 4G,جراب ليزر,40,8,2024-10-08 22:26:13,2024-10-08 22:26:13
478,kafirs,RENO7,جراب ليزر,40,7,2024-10-08 22:26:13,2024-11-12 21:59:18
479,kafirs,RENO8 4G,جراب 20,20,0,2024-10-08 22:26:13,2024-11-12 21:56:41
480,kafirs,RENO8 4G,جراب بامب,50,0,2024-10-08 22:26:13,2024-11-12 21:56:31
481,kafirs,RENO6 4G,جراب بامب,50,1,2024-10-08 22:26:13,2024-10-08 22:26:13
482,kafirs,RENO6 4G,جراب ليزر,50,2,2024-10-08 22:26:13,2024-10-08 22:26:13
483,kafirs,RENO5,جراب ليزر,40,2,2024-10-08 22:26:13,2024-10-08 22:26:13
484,kafirs,OP A2+,جراب مبطن,60,1,2024-10-08 22:26:13,2024-10-08 22:26:13
485,kafirs,RENO 2F,جراب ليزر,40,1,2024-10-08 22:26:13,2024-11-12 22:00:50
486,kafirs,RENO 2F,جراب بامب,50,1,2024-10-08 22:26:13,2024-10-08 22:26:13
487,kafirs,RENO 2F,جراب 20,20,1,2024-10-08 22:26:13,2024-10-08 22:26:13
488,kafirs,OP A95,جراب ليزر,40,7,2024-10-08 22:26:13,2024-10-08 22:26:13
489,kafirs,OP A96,جراب بامب,50,1,2024-10-08 22:26:13,2024-11-12 22:02:53
490,kafirs,OP A93 20,جراب بامب,50,1,2024-10-08 22:26:13,2024-10-08 22:26:13
491,kafirs,OP A94,جراب 20,20,1,2024-10-08 22:26:13,2024-10-08 22:26:13
492,kafirs,OP A77 22,جراب 20,20,3,2024-10-08 22:26:13,2024-10-08 22:26:13
493,kafirs,OP A77 22,جراب ليزر,40,4,2024-10-08 22:26:13,2024-10-08 22:26:13
494,kafirs,OP A76,جراب بامب,60,0,2024-10-08 22:26:13,2024-10-24 15:16:30
495,kafirs,OP A77 4G,جراب بامب,60,1,2024-10-08 22:26:13,2024-11-12 22:02:25
496,kafirs,OP A74,جراب ليزر,40,4,2024-10-08 22:26:13,2024-11-12 20:55:57
497,kafirs,OP A74,جراب 20,20,1,2024-10-08 22:26:13,2024-10-08 22:26:13
498,kafirs,OP F17PRO,جراب ليزر,40,2,2024-10-08 22:26:13,2024-10-08 22:26:13
499,kafirs,OP A58,جراب ليزر,40,3,2024-10-08 22:26:13,2024-10-08 22:26:13
500,kafirs,OP A57,جراب ليزر,40,4,2024-10-08 22:26:13,2024-10-08 22:26:13
501,kafirs,OP A57 4G,جراب بامب,60,2,2024-10-08 22:26:13,2024-10-08 22:26:13
502,kafirs,OP A58 4G,جراب بامب,60,1,2024-10-08 22:26:13,2024-10-08 22:26:13
503,kafirs,REALME C25S,جراب 20,20,3,2024-10-08 22:26:13,2024-10-08 22:26:13
504,kafirs,REALME 10 PRO,جراب ليزر,40,2,2024-10-08 22:26:13,2024-10-08 22:26:13
505,kafirs,REALME 10 PRO,جراب بامب ,50,1,2024-10-08 22:26:13,2024-10-08 22:26:13
506,kafirs,REALME 9I,جراب بامب ,50,4,2024-10-08 22:26:13,2024-10-08 22:26:13
507,kafirs,REALME 9I,جراب ليزر ,40,5,2024-10-08 22:26:13,2024-10-08 22:26:13
508,kafirs,POCO X3,جراب بامب ,50,1,2024-10-08 22:26:13,2024-10-08 22:26:13
509,kafirs,POCO M3,جراب 20 ,20,1,2024-10-08 22:26:13,2024-10-08 22:26:13
510,kafirs,OP C30S,جراب 20 ,20,2,2024-10-08 22:26:13,2024-10-08 22:26:13
511,kafirs,OP C30,جراب ليزر ,40,4,2024-10-08 22:26:13,2024-10-08 22:26:13
512,kafirs,OP C31,جراب ليزر ,40,3,2024-10-08 22:26:13,2024-10-08 22:26:13
513,kafirs,OP C31,جراب بامب ,50,3,2024-10-08 22:26:13,2024-10-08 22:26:13
514,kafirs,OP C33,جراب بامب ,50,2,2024-10-08 22:26:13,2024-10-08 22:26:13
515,kafirs,OP C33,جراب 20 ,20,2,2024-10-08 22:26:13,2024-10-08 22:26:13
516,kafirs,REALME C35,جراب بامب ,50,2,2024-10-08 22:26:13,2024-10-08 22:26:13
517,kafirs,REALME C35,جراب ليزر ,40,2,2024-10-08 22:26:13,2024-10-08 22:26:13
518,kafirs,REALME C35,جراب 20 ,20,3,2024-10-08 22:26:13,2024-10-08 22:26:13
519,kafirs,REALME C53,جراب 20 ,20,3,2024-10-08 22:26:13,2024-10-08 22:26:13
520,kafirs,REALME C53,جراب بامب ,50,1,2024-10-08 22:26:13,2024-10-08 22:26:13
521,kafirs,REALME C55,جراب ليزر ,40,2,2024-10-08 22:26:13,2024-10-08 22:26:13
522,kafirs,REALME C55,جراب 20 ,20,2,2024-10-08 22:26:13,2024-10-08 22:26:13
523,kafirs,README A2+,جراب مبطن ,60,1,2024-10-08 22:26:13,2024-10-08 22:26:13
524,kafirs,README A2+,جراب 20 ,20,3,2024-10-08 22:26:13,2024-10-08 22:26:13
525,kafirs,README A2+,جراب ليزر ,40,4,2024-10-08 22:26:13,2024-10-08 22:26:13
526,kafirs,README NOTE5PRO,جراب ليزر ,40,3,2024-10-08 22:26:13,2024-10-08 22:26:13
527,kafirs,README NOTE8PRO,جراب ليزر ,40,2,2024-10-08 22:26:13,2024-10-08 22:26:13
528,kafirs,README NOTE10,جراب بامب ,50,2,2024-10-08 22:26:13,2024-11-12 22:30:16
529,kafirs,README MI 9C,جراب ليزر ,40,2,2024-10-08 22:26:13,2024-10-31 00:29:45
532,kafirs,README NOTE11PRO,جراب ليزر ,40,4,2024-10-08 22:26:13,2024-11-12 22:26:53
533,kafirs,README 10,جراب بامب ,50,3,2024-10-08 22:26:13,2024-10-08 22:26:13
534,kafirs,README 10,جراب ليزر ,40,3,2024-10-08 22:26:13,2024-10-08 22:26:13
535,kafirs,README 10C,جراب ليزر ,40,5,2024-10-08 22:26:13,2024-10-08 22:26:13
536,kafirs,README 10C,جراب مبطن ,60,1,2024-10-08 22:26:13,2024-10-08 22:26:13
537,kafirs,README NOTE 10S,جراب ليزر ,40,3,2024-10-08 22:26:13,2024-10-08 22:26:13
538,kafirs,README NOTE 11 4G,جراب ليزر ,40,4,2024-10-08 22:26:13,2024-10-08 22:26:13
539,kafirs,README NOTE 12S,جراب 20 ,20,2,2024-10-08 22:26:13,2024-10-08 22:26:13
540,kafirs,README NOTE 12S,جراب مبطن ,60,2,2024-10-08 22:26:13,2024-10-08 22:26:13
541,kafirs,README NOTE 12,جراب ليزر ,40,2,2024-10-08 22:26:13,2024-10-08 22:26:13
542,kafirs,README NOTE 12S,جراب ليزر ,40,1,2024-10-08 22:26:13,2024-10-08 22:26:13
543,kafirs,README NOTE 12C,جراب ليزر ,40,2,2024-10-08 22:26:13,2024-10-08 22:26:13
544,kafirs,README 12,جراب بامب ,50,4,2024-10-08 22:26:13,2024-11-12 23:00:04
545,kafirs,README MI12,جراب بامب ,50,4,2024-10-08 22:26:13,2024-10-08 22:26:13
546,kafirs,README MI NOTE 12,جراب بامب ,50,5,2024-10-08 22:26:13,2024-10-08 22:26:13
547,kafirs,README MI NOTE 12,جراب ليزر ,40,2,2024-10-08 22:26:13,2024-10-08 22:26:13
548,kafirs,VIVO Y33S,جراب ليزر ,40,4,2024-10-08 22:26:13,2024-10-08 22:26:13
549,kafirs,VIVO Y22,جراب ليزر ,40,4,2024-10-08 22:26:13,2024-10-08 22:26:13
550,kafirs,VIVO Y25E,جراب ليزر ,40,1,2024-10-08 22:26:13,2024-10-08 22:26:13
551,kafirs,VIVO Y17,جراب ليزر ,40,1,2024-10-08 22:26:13,2024-10-08 22:26:13
552,kafirs,VIVO Y02S,جراب ليزر ,40,6,2024-10-08 22:26:13,2024-10-08 22:26:13
553,kafirs,VIVO Y02S,جراب بامب ,50,1,2024-10-08 22:26:13,2024-10-08 22:26:13
554,kafirs,VIVO Y1S,جراب 20 ,20,1,2024-10-08 22:26:13,2024-10-08 22:26:13
555,kafirs,IP 11,جراب 20 ,20,15,2024-10-08 22:26:13,2024-10-08 22:26:13
556,kafirs,IP 12,جراب 20 ,20,12,2024-10-08 22:26:13,2024-10-08 22:26:13
557,kafirs,IP 12 PRO MAX,جراب 20 ,20,10,2024-10-08 22:26:13,2024-10-08 22:26:13
558,kafirs,IP XS,جراب 20 ,20,5,2024-10-08 22:26:13,2024-10-08 22:26:13
559,kafirs,IP XR,جراب 20 ,20,3,2024-10-08 22:26:13,2024-10-08 22:26:13
560,kafirs,IP 6+,جراب 20 ,20,0,2024-10-08 22:26:13,2024-10-29 19:58:09
561,kafirs,LSD-HM-S2,جراب ليزر ,40,1,2024-10-08 22:26:13,2024-10-08 22:26:13
562,kafirs,OP F5,جراب بامب ,50,2,2024-10-08 22:26:13,2024-10-08 22:26:13
563,other,موماري, كرته 128 ,370,1,2024-10-10 21:42:35,2024-11-13 15:51:43
564,other,موماري, كرته 8 ,100,2,2024-10-10 21:42:35,2024-11-13 15:52:47
565,other,موماري, كرته 16 ,150,1,2024-10-10 21:42:35,2024-10-10 21:42:35
566,other,موماري, كرته 64 ,290,9,2024-10-10 21:42:35,2024-11-13 15:52:02
567,other,موماري, كرته 32 ,150,5,2024-10-10 21:42:35,2024-10-27 20:17:19
568,other,فلاشه, فلاشه 64 ,280,5,2024-10-10 21:42:35,2024-10-29 17:28:13
569,other,بطاريه Anker,225,50,5,2024-10-12 00:54:56,2024-11-12 20:04:34
570,other,بطاريه, 4C,50,1,2024-10-12 00:54:56,2024-11-12 20:04:55
571,other,بطاريه, E250,50,7,2024-10-12 00:54:56,2024-10-12 00:54:56
572,other,بطاريه, 225/4Ul,50,1,2024-10-12 00:54:56,2024-11-12 20:03:28
573,other,بطاريه, 6112,50,2,2024-10-12 00:54:56,2024-10-12 00:54:56
574,other,بطاريه, 4U,50,4,2024-10-12 00:54:56,2024-10-12 00:54:56
575,other,بطاريه, 9082,50,2,2024-10-12 00:54:56,2024-10-12 00:54:56
576,other,بطاريه, NOTE 3,150,2,2024-10-12 00:54:56,2024-10-12 00:54:56
577,other,بطاريه,J7,150,2,2024-10-12 00:54:56,2024-10-12 00:54:56
578,other,بطاريه,J106,110,2,2024-10-12 00:54:56,2024-10-12 00:54:56
579,other,بطاريه,sam G7106,130,2,2024-10-12 00:54:56,2024-11-12 19:55:54
580,other,بطاريه LEADER,NOTE3,130,3,2024-10-12 00:54:56,2024-11-12 19:53:03
581,other,بطاريه LSR,J7,130,3,2024-10-12 00:54:56,2024-10-12 00:54:56
582,other,بطاريه EANB,J1,130,2,2024-10-12 00:54:56,2024-11-12 20:01:47
598,other,بطاريه NOKIA,107,35,11,2024-10-12 00:56:30,2024-11-12 20:01:14
599,other,25w,بلجهsam,300,2,2024-10-14 05:06:50,2024-10-14 05:06:50
600,other,شحن ليدر,شاحن ليدر USB3,250,1,2024-10-14 05:10:13,2024-11-12 23:21:44
601,other,تيب سي سوبر,شاحن ليدر W18,170,6,2024-10-14 05:12:11,2024-12-29 18:26:05
602,other,ماكرو سوبر,شاحن ليدر W18,170,9,2024-10-14 05:12:43,2024-12-11 14:11:57
603,other,عدسه IP 11 PRO MAX,عدسه كمله,140,1,2024-10-14 05:15:20,2024-10-14 05:15:20
604,other,عدسه IP 11,عدسه كمله,140,2,2024-10-14 05:15:52,2024-10-14 05:15:52
605,other,عدسه IP12PRO,عدسه كمله,140,2,2024-10-14 05:17:21,2024-10-14 05:17:21
606,other,عدسه IP 12PRO MAX,عدسه كمله,140,2,2024-10-14 05:18:11,2024-12-29 22:05:43
607,other,عدسه IP 13PRO MAX,عدسه كمله,140,3,2024-10-14 05:19:01,2024-12-29 22:04:18
608,other,عدسه IP 14,عدسه كمله,140,2,2024-10-14 05:19:34,2024-10-14 05:19:34
609,other,عدسه IP 15 PRO MAX,عدسه كمله,140,1,2024-10-14 05:20:11,2024-12-29 22:06:10
610,other,بامب,جراب اربودز,70,8,2024-10-14 05:38:02,2024-12-29 22:11:42
611,other,استاتش,جراب اربودز برو2,80,2,2024-10-14 05:39:08,2024-12-29 21:55:58
612,other,حامل هاتف,حامل للعربيه,200,1,2024-10-14 05:45:28,2024-10-14 06:02:18
613,other,استاتش,جراب اربودز برو3,80,3,2024-10-14 05:54:31,2024-12-29 21:54:44
614,other,استاتش,جراب اربودز برو,80,6,2024-10-14 05:55:11,2024-12-29 21:56:16
615,other,شرنك,حامي كبل,25,5,2024-10-14 05:59:22,2024-12-29 22:55:41
616,other,سماعه ليدر 550,سماعه ليدر 550,190,4,2024-10-14 07:28:17,2024-12-29 18:22:11
617,other,سماعه ليدر330,سماعه ليدر330,190,2,2024-10-14 07:28:38,2024-12-29 22:14:45
618,other,ايفون,سماعه,300,1,2024-10-18 23:20:05,2024-12-29 18:25:24
619,other,عدسه IP 12,ip 12,100,2,2024-10-18 23:52:00,2024-12-29 22:00:12
620,other,3x1,كبل  3*1,75,5,2024-10-19 00:02:31,2024-12-29 22:44:40
621,other,2x1,كبل  2*1,75,1,2024-10-19 00:03:10,2024-12-29 22:45:16
622,other,1x1,كبل  1*1 lava,75,1,2024-10-19 00:07:42,2024-10-19 00:07:42
623,kafirs,في الكيسه,كبل 1*1,0,1,2024-10-19 00:12:14,2024-10-19 00:12:14
624,other,1x1,JOYROOM 1x1,100,5,2024-10-19 00:14:52,2024-10-19 00:14:52
625,other,"leader , super ,كبل اسود",كبلات تيب سي   في كيس (عدد4),100,1,2024-10-19 00:21:53,2024-10-29 18:38:37
626,other,Leader,كبل ليدر ازرق 3ميكرو,80,1,2024-10-19 00:32:50,2024-12-29 22:25:12
627,screens,غزاله,"rl c3 6.5"" 720x1600",60,5,2024-10-21 17:43:57,2025-01-04 14:25:40
628,screens,غزاله,"op A1K 6.1"" 720x1560",60,3,2024-10-21 18:08:34,2025-01-04 14:25:01
629,screens,غزاله,"sam A20s 6.5"" 720x1560",60,5,2024-10-21 18:17:09,2025-01-04 14:24:32
630,screens,غزاله,"sam A22 6.4"" 720x1600",60,4,2024-10-21 18:18:21,2025-01-04 14:23:58
631,screens,غزاله,"op A73 6.44"" 1080x2400",60,5,2024-10-21 18:27:05,2025-01-04 14:23:27
632,screens,غزاله,"op f9 6.3"" 1080x2340",60,5,2024-10-21 18:27:51,2025-01-04 14:22:53
633,screens,غزاله,"infinx X682 6.78"" 720x1640",60,5,2024-10-21 18:29:15,2025-01-04 14:22:23
634,screens,غزاله,"rd Note12 6.67"" 1080x2400",60,4,2024-10-21 18:30:09,2025-01-04 14:21:45
635,screens,غزاله,"rd mi 9c 6.53"" 720x1600",60,4,2024-10-22 18:36:07,2025-01-04 14:21:23
636,kafirs,ويرلس,IPHONE 11,60,1,2024-10-23 18:08:47,2024-10-23 18:08:47
637,kafirs,في  العلبه,IP 12 PRO MAX,80,11,2024-10-23 18:10:36,2024-10-23 18:10:36
638,kafirs,بامب,IP 12 PRO MAX,50,2,2024-10-23 18:10:59,2024-11-12 23:11:09
639,kafirs,ويرلس,IP 12 PRO MAX,60,5,2024-10-23 18:11:22,2024-10-23 18:11:22
640,kafirs,في  العلبه,IP xs max,80,6,2024-10-23 18:19:37,2024-10-23 18:19:37
641,kafirs,بامب,IP xs max,50,5,2024-10-23 18:21:26,2024-12-23 16:00:38
643,kafirs,في  العلبه,IP 11 PRO,80,4,2024-10-23 18:57:04,2024-10-31 23:17:43
644,other,كرته بكت مفتوح,موماري 128,250,0,2024-10-24 21:33:46,2024-10-26 23:05:08
645,screens,غزاله,"A21S 6.5"" 720x1600",60,5,2024-10-26 18:14:15,2025-01-04 14:20:38
646,screens,غزاله,IP 11,60,4,2024-10-26 18:15:21,2024-10-28 16:09:32
647,screens,غزاله,"rd Note7 6.3"" 1080x2340",60,5,2024-10-26 18:21:11,2025-01-04 14:19:52
648,screens,غزاله,"A20 / A30 / A50 6.4"" 1080x2340",60,3,2024-10-26 18:26:17,2025-01-04 14:19:08
649,other,عدسه,IP 16 PRO MAX,100,1,2024-10-26 18:28:24,2024-10-26 18:28:24
650,screens,اسكرينه في العلبه توكيل فامي,IP X/XS/11PRO,175,2,2024-10-26 18:34:34,2024-10-26 18:34:34
651,screens,اسكرينه في العلبه توكيل فامي,IP XR/11,175,2,2024-10-26 18:35:31,2024-10-26 18:35:31
652,screens,اسكرينه في العلبه توكيل,IP 11 PRO/ X,175,0,2024-10-26 18:37:09,2024-11-13 16:12:48
653,screens,اسكرينه في العلبه توكيل,IP 11/XR,175,4,2024-10-26 18:37:56,2024-10-26 18:37:56
654,screens,اسكرينه خضره,"op Reno7 6.43"" 1080x2400",100,5,2024-10-26 18:52:00,2025-01-04 14:18:33
655,screens,اسكرينه خضره,"OP A54 6.51"" 720x1600",100,5,2024-10-26 18:53:07,2025-01-04 14:17:50
656,screens,اسكرينه خضره,"op Reno6 6.4"" 1080x2400",100,2,2024-10-26 18:54:48,2025-01-04 14:17:15
657,screens,اسكرينه خضره,"C12 6.5"" 720x1560",100,5,2024-10-26 18:59:24,2025-01-04 14:16:07
658,screens,اسكرينه خضره,"sam A12 6.5"" 720x1600",100,5,2024-10-26 19:00:26,2025-01-04 14:15:08
659,screens,اسكرينه خضره,"sam A13 6.6"" 1080x2408",100,5,2024-10-26 19:01:43,2025-01-04 14:14:30
660,screens,اسكرينه خضره,"SAM A52S 6.5"" 1080x2400",100,4,2024-10-26 19:02:23,2025-01-04 14:13:51
661,screens,اسكرينه خضره,"rd Note10pro 6.67"" 1080x2400",100,4,2024-10-26 19:04:06,2025-01-04 14:13:14
662,screens,اسكرينه خضره,"rd Note8pro 6.67"" 1080x2400",100,5,2024-10-26 19:04:53,2025-01-04 14:12:23
663,screens,اسكرينه خضره,"rd Mi11t 6.67"" 1080x2400",100,5,2024-10-26 19:05:40,2025-01-04 14:11:48
664,screens,اسكرينه خضره,"rd Note11pro 6.67"" 1080x2400",100,5,2024-10-26 19:06:12,2025-01-04 14:10:47
665,screens,اسكرينه خضره,"rd Note12 6.67"" 1080x2400",100,3,2024-10-26 19:06:50,2024-12-21 16:09:05
666,other,type-c to iphone,"كبل تيب سي , ايفون",100,16,2024-10-27 00:46:46,2024-12-31 04:26:16
668,other,فلاشه,فلاشه 128,370,5,2024-10-27 20:21:21,2024-10-27 20:21:21
669,other,فلاشه,فلاشه 32,220,5,2024-10-27 20:22:17,2024-10-27 20:23:15
670,other,META,سماعه H-11,120,2,2024-10-29 18:36:37,2024-10-29 18:36:37
671,other,ساعه,اسكرينه ساعه,50,5,2024-10-30 17:38:03,2024-12-29 22:41:47
672,other,قلم,قلم تاب,60,7,2024-10-31 00:32:22,2024-10-31 00:32:38
673,other,شاحن (33W),OPPO,250,1,2024-10-31 22:00:26,2024-10-31 22:00:26
674,other,بلجه ثلاثي ايفون,شاحن ايفون,300,2,2024-10-31 22:03:39,2024-10-31 22:06:18
675,other,تيب سي,OPPO كابل,150,1,2024-10-31 22:14:00,2024-10-31 22:14:00
676,other,"تيب سي , تيب سي",كبل ANKER,200,1,2024-10-31 22:16:04,2024-10-31 22:16:04
677,other,داتا ميكرو,كبل ليدر,50,1,2024-10-31 22:37:19,2024-12-29 22:10:01
678,screens,غزاله,"a51 6.5"" 1080x2400",60,1,2024-11-12 19:19:43,2024-12-21 16:08:01
679,screens,Hd+,ip 14 pro max,40,5,2024-11-12 19:31:24,2024-11-12 19:43:47
680,screens,Hd+,ip X,40,3,2024-11-12 19:42:43,2024-11-12 19:42:43
681,other,بطاريه LEADER,G530,150,1,2024-11-12 19:54:46,2025-01-12 17:58:41
682,other,g530,بطاريه سامسونج g530,130,1,2024-11-12 19:59:04,2024-11-12 19:59:04
683,screens,Hd+,"x682 6.78"" 720x1640",40,4,2024-11-12 20:16:56,2025-01-12 18:00:14
684,screens,Hd+,"x608 6.0"" 720x1440",40,0,2024-11-12 20:28:47,2025-01-12 16:43:59
685,screens,اسكرينه غوريلا,"x624 ,6.2"" 720x1440",50,1,2024-11-12 20:30:45,2025-01-12 17:03:29
686,screens,جوكر,جوكر,50,5,2024-11-12 20:31:52,2025-01-12 18:26:47
687,kafirs,شفاف,sam a33,50,1,2024-11-12 20:42:09,2024-11-12 20:42:09
688,kafirs,ليزر,y9s,40,1,2024-11-12 21:00:38,2024-11-12 21:00:38
689,kafirs,ليزر,op a55,50,5,2024-11-12 21:08:37,2024-11-12 21:08:37
690,kafirs,شفاف,op a53,50,1,2024-11-12 21:09:34,2024-11-12 21:09:34
691,kafirs,شفاف,op a15s,50,1,2024-11-12 21:12:39,2024-11-12 21:12:39
692,kafirs,ليزر,x657,40,2,2024-11-12 21:31:52,2024-11-12 21:31:52
693,kafirs,ليزر,REALME 5,50,2,2024-11-12 21:46:20,2024-11-12 21:46:20
694,kafirs,ليزر,reno 11,60,1,2024-11-12 21:51:38,2024-11-12 21:51:38
695,kafirs,ليزر,README MI NOTE 12,40,2,2024-11-12 22:33:10,2024-11-12 22:33:10
696,kafirs,بامب,mi note11pro,60,2,2024-11-12 22:40:58,2024-11-12 22:40:58
697,kafirs,شفاف,mi 9a,60,2,2024-11-12 22:45:08,2024-11-12 22:45:08
698,kafirs,ليزر,mi 12c,60,2,2024-11-12 22:57:41,2024-11-12 22:57:41
699,kafirs,بامب,note 12 4g,60,1,2024-11-12 23:01:35,2024-11-12 23:01:35
700,kafirs,كريم,a03,50,2,2024-12-27 16:13:40,2024-12-27 16:13:40
701,other,type-c,كبل joyroom,150,4,2024-12-29 18:13:23,2024-12-29 18:13:23
702,other,ساعه,جربات استرس45,80,5,2024-12-29 21:23:57,2024-12-29 21:23:57
703,other,ساعه,جربات استرس44,80,2,2024-12-29 21:25:58,2024-12-29 21:25:58
704,other,استيك,جربات بامب49,80,5,2024-12-29 21:28:59,2024-12-29 21:28:59
705,other,ساعه,جربات كامل49,80,1,2024-12-29 21:30:36,2025-03-03 01:57:55
706,kafirs,ساعه,جربات كامل45,80,2,2024-12-29 21:30:57,2024-12-29 21:30:57
707,other,14proMax,شاحن,400,0,2024-12-29 22:17:05,2025-01-12 16:28:16
708,screens,leader,IPXR,200,3,2024-12-29 22:51:52,2024-12-29 22:51:52
709,screens,leader,15proMax,200,2,2024-12-29 22:53:25,2024-12-29 22:53:25
710,screens,leader,Xsmax,200,2,2024-12-29 22:54:12,2024-12-29 22:54:12
711,screens,leader,14Promax,200,1,2024-12-29 22:55:15,2024-12-29 22:55:15
712,screens,leader,12Promax,200,2,2024-12-29 22:56:34,2024-12-29 22:56:34
713,screens,leader,13Promax,200,2,2024-12-29 22:57:17,2024-12-29 22:57:17
